How to do goquery selection based on multiple attributesgoweb-scrapinggoqueryvignesh,vignesh,/users/9381447/vignesh,Jan 10 at 6:22,23 views,1,0,"
    go web-scraping goquery               ",/questions/70648525/how-to-do-goquery-selection-based-on-multiple-attributes
Golang scan db rows to json of string and arraypostgresqlgogoquerygo-structtagaakash singh,aakash singh,/users/10324496/aakash-singh,Dec 6 '21 at 17:55,86 views,,0,"
    postgresql go goquery go-structtag               ",/questions/70249785/golang-scan-db-rows-to-json-of-string-and-array
Golang use array values in db query to filter recordsgogoquerygo-structtagaakash singh,aakash singh,/users/10324496/aakash-singh,Dec 6 '21 at 8:29,55 views,1,0,"
    go goquery go-structtag               ",/questions/70242652/golang-use-array-values-in-db-query-to-filter-records
How to scrape an unordered list with go-colly?listgoweb-scrapinggoquerygo-collyM2R10,M2R10,/users/15432143/m2r10,Nov 29 '21 at 19:18,47 views,,2,"
    list go web-scraping goquery go-colly               ",/questions/70160205/how-to-scrape-an-unordered-list-with-go-colly
goquery returning value to stdout but not printing the same to filegoweb-scrapinggoqueryLorenzo Romani,Lorenzo Romani,/users/8592285/lorenzo-romani,Oct 10 '21 at 9:28,43 views,1,0,"
    go web-scraping goquery               ",/questions/69513943/goquery-returning-value-to-stdout-but-not-printing-the-same-to-file
Strange len function (or string) behavior [closed]htmlgoparsinggoqueryAkmubi Lin,Akmubi Lin,/users/11981291/akmubi-lin,Oct 3 '21 at 20:02,68 views,,-2,"
    html go parsing goquery               ",/questions/69428459/strange-len-function-or-string-behavior
Web crawler stops at first pageimagegoweb-crawlergoqueryworrath,worrath,/users/16437668/worrath,Jul 13 '21 at 8:25,97 views,,1,"
    image go web-crawler goquery               ",/questions/68358940/web-crawler-stops-at-first-page
"Scrape web with ""Load more"" articles using goqueryhtmlgoweb-scrapingweb-crawlergoqueryMydrive1997",Mydrive1997,/users/15862145/mydrive1997,May 7 '21 at 10:25,33 views,,0,"
    html go web-scraping web-crawler goquery               ",/questions/67433202/scrape-web-with-load-more-articles-using-goquery
how to use goquery to get the select > option 's valuegogoquerynil false,nil false,/users/15567125/nil-false,Apr 6 '21 at 16:26,151 views,2,-1,"
    go goquery               ",/questions/66972639/how-to-use-goquery-to-get-the-select-option-s-value
Parse td in golang using goquery grep only the require linestringgoweb-scrapinggoqueryKATHAN PATEL,KATHAN PATEL,/users/12442781/kathan-patel,Mar 30 '21 at 11:12,106 views,1,0,"
    string go web-scraping goquery               ",/questions/66869924/parse-td-in-golang-using-goquery-grep-only-the-require-line
Waiting for all goroutines to finish and combining the results [closed]gochannelgoroutinegoquerycojoj,cojoj,/users/1911042/cojoj,Feb 5 '21 at 14:42,188 views,,2,"
    go channel goroutine goquery               ",/questions/66065254/waiting-for-all-goroutines-to-finish-and-combining-the-results
Regex For Letters and Numbers Within URLregexgourlgoqueryclattenburg cake,clattenburg cake,/users/2482149/clattenburg-cake,Dec 21 '20 at 5:02,107 views,,-1,"
    regex go url goquery               ",/questions/65387734/regex-for-letters-and-numbers-within-url
Check if struct within struct existsjsongostructgoqueryencoding-json-goclattenburg cake,clattenburg cake,/users/2482149/clattenburg-cake,Dec 20 '20 at 14:46,49 views,,-1,"
    json go struct goquery encoding-json-go               ",/questions/65381113/check-if-struct-within-struct-exists
Confused with GoQuerygogoquerydanibrum,danibrum,/users/9716086/danibrum,Oct 4 '20 at 20:33,53 views,,0,"
    go goquery               ",/questions/64199610/confused-with-goquery
convert html text and nested tag to literal string with goqueryhtmlgoweb-crawlerscreen-scrapinggoqueryQuavoHuncho,QuavoHuncho,/users/12486902/quavohuncho,Aug 16 '20 at 13:45,127 views,,1,"
    html go web-crawler screen-scraping goquery               ",/questions/63437639/convert-html-text-and-nested-tag-to-literal-string-with-goquery
A little bit lost with goQuery selectiongogoquerydanibrum,danibrum,/users/9716086/danibrum,May 31 '20 at 23:05,102 views,,1,"
    go goquery               ",/questions/62123527/a-little-bit-lost-with-goquery-selection
How to find an element with certain id with goquerygogoquerySergey Popov,Sergey Popov,/users/8530817/sergey-popov,May 14 '20 at 10:39,1k views,1,0,"
    go goquery               ",/questions/61795268/how-to-find-an-element-with-certain-id-with-goquery
How to find an element inside a NodegogoqueryLeff,Leff,/users/7071069/leff,Apr 24 '20 at 6:57,35 views,,2,"
    go goquery               ",/questions/61402818/how-to-find-an-element-inside-a-node
Golang - finding text for each child element separately with PuerkitoBio/goquerygogoqueryLeff,Leff,/users/7071069/leff,Apr 22 '20 at 20:03,563 views,1,1,"
    go goquery               ",/questions/61374136/golang-finding-text-for-each-child-element-separately-with-puerkitobio-goquery
GoLang WebCrawling remove empty tagsgogoquerySankalp,Sankalp,/users/672297/sankalp,Apr 20 '20 at 18:42,135 views,1,0,"
    go goquery               ",/questions/61329699/golang-webcrawling-remove-empty-tags
How to extract the text of a custom html tag with goquery?htmlgogoqueryNatalie Perret,Natalie Perret,/users/4636721/natalie-perret,Dec 19 '19 at 9:04,658 views,,0,"
    html go goquery               ",/questions/59406319/how-to-extract-the-text-of-a-custom-html-tag-with-goquery
Goquery loads empty document from distinctly not empty responsegogoqueryas646,as646,/users/2866680/as646,Oct 25 '19 at 11:13,214 views,,0,"
    go goquery               ",/questions/58557464/goquery-loads-empty-document-from-distinctly-not-empty-response
find text in html using Golang's colly/goqueryhtmlgogoquerygeert van kempen,geert van kempen,/users/10740759/geert-van-kempen,Oct 14 '19 at 0:48,607 views,1,0,"
    html go goquery               ",/questions/58368892/find-text-in-html-using-golangs-colly-goquery
What am I doing wrong parsing HTML with Goquery using a class selector?jquerygogoqueryAy0,Ay0,/users/4093955/ay0,Oct 10 '19 at 10:27,116 views,,0,"
    jquery go goquery               ",/questions/58320797/what-am-i-doing-wrong-parsing-html-with-goquery-using-a-class-selector
Go parsing failing quite often (goquery)gogoqueryAy0,Ay0,/users/4093955/ay0,Sep 3 '19 at 15:25,42 views,,-1,"
    go goquery               ",/questions/57774699/go-parsing-failing-quite-often-goquery
Cannot collect all nodes of Google search result with goquery: some nodes are missinghtmlgoweb-scrapinggoqueryEmanolo78,Emanolo78,/users/10412696/emanolo78,May 24 '19 at 18:24,96 views,1,0,"
    html go web-scraping goquery               ",/questions/56297845/cannot-collect-all-nodes-of-google-search-result-with-goquery-some-nodes-are-mi
How to get DOM HTML in GogogoqueryАртем Болотов,Артем Болотов,/users/11010059/%d0%90%d1%80%d1%82%d0%b5%d0%bc-%d0%91%d0%be%d0%bb%d0%be%d1%82%d0%be%d0%b2,Apr 22 '19 at 9:19,705 views,1,1,"
    go goquery               ",/questions/55792071/how-to-get-dom-html-in-go
panic: stream error: stream ID 1; PROTOCOL_ERRORgogoqueryTom Benjamin,Tom Benjamin,/users/10359838/tom-benjamin,Apr 19 '19 at 12:45,1k views,,1,"
    go goquery               ",/questions/55762075/panic-stream-error-stream-id-1-protocol-error
How to find out if selector is at first or last positiongogoquerytopskip,topskip,/users/317915/topskip,Mar 4 '19 at 15:40,587 views,,0,"
    go goquery               ",/questions/54986594/how-to-find-out-if-selector-is-at-first-or-last-position
How to retrieve the height of the selected HTML element using Golang?htmlparsinggoheightgoquerySedat Can Yalçın,Sedat Can Yalçın,/users/10138743/sedat-can-yal%c3%a7%c4%b1n,Mar 1 '19 at 12:54,110 views,1,1,"
    html parsing go height goquery               ",/questions/54945113/how-to-retrieve-the-height-of-the-selected-html-element-using-golang
How to retrieve full HTML of a child element with goquery?gogoqueryAlexander van Trijffel,Alexander van Trijffel,/users/689718/alexander-van-trijffel,Feb 23 '19 at 12:34,1k views,,1,"
    go goquery               ",/questions/54841662/how-to-retrieve-full-html-of-a-child-element-with-goquery
How to retrieve search list using goquery from RottenTomatoes?htmlgoweb-scrapingextractgoqueryDentrax,Dentrax,/users/5685796/dentrax,Dec 12 '18 at 15:41,301 views,1,0,"
    html go web-scraping extract goquery               ",/questions/53746518/how-to-retrieve-search-list-using-goquery-from-rottentomatoes
How to get response after http requestgogoqueryJungHoon,JungHoon,/users/2598459/junghoon,Nov 16 '18 at 6:43,173 views,,3,"
    go goquery               ",/questions/53332721/how-to-get-response-after-http-request
Scraper Find element by textgogoqueryOleh  Sobchuk,Oleh  Sobchuk,/users/3884750/oleh-sobchuk,Jul 1 '18 at 12:21,188 views,,-1,"
    go goquery               ",/questions/51123249/scraper-find-element-by-text
Split element on line break with GoQuerygogoqueryBelmin Bedak,Belmin Bedak,/users/3918577/belmin-bedak,May 8 '18 at 17:51,1k views,,0,"
    go goquery               ",/questions/50239543/split-element-on-line-break-with-goquery
retrieving text from a website with goqueryhtmlgogoqueryMikołaj Hołysz,Mikołaj Hołysz,/users/9128638/miko%c5%82aj-ho%c5%82ysz,Dec 21 '17 at 20:50,988 views,,0,"
    html go goquery               ",/questions/47932537/retrieving-text-from-a-website-with-goquery
Doctype with goquerygogoquerynexequ,nexequ,/users/6866042/nexequ,Dec 5 '17 at 21:09,123 views,1,1,"
    go goquery               ",/questions/47662687/doctype-with-goquery
How to output results to CSV of a concurrent web scraper in Go?csvgoconcurrencyweb-scrapinggoquerycredizian,credizian,/users/3431195/credizian,Sep 2 '17 at 6:42,389 views,,1,"
    csv go concurrency web-scraping goquery               ",/questions/46011228/how-to-output-results-to-csv-of-a-concurrent-web-scraper-in-go
Cannot Select Direct Child from *goquery.Selectiongojquery-selectorsgoqueryAri Seyhun,Ari Seyhun,/users/4988637/ari-seyhun,Aug 28 '17 at 9:36,1k views,1,1,"
    go jquery-selectors goquery               ",/questions/45915940/cannot-select-direct-child-from-goquery-selection
how to get leetcode ranking with goquerygoqueryaQua,aQua,/users/6659472/aqua,Aug 18 '17 at 8:29,75 views,1,0,"
    goquery               ",/questions/45752061/how-to-get-leetcode-ranking-with-goquery
How to break out of switch case from inside a function defined inside the switch case in golang?goswitch-statementgoqueryKrash,Krash,/users/7205620/krash,Apr 1 '17 at 11:46,486 views,,1,"
    go switch-statement goquery               ",/questions/43156455/how-to-break-out-of-switch-case-from-inside-a-function-defined-inside-the-switch
Limit the scope of selector.Find() to the selected elementgogoqueryJet Basrawi,Jet Basrawi,/users/400149/jet-basrawi,Mar 26 '17 at 1:25,210 views,1,0,"
    go goquery               ",/questions/43023935/limit-the-scope-of-selector-find-to-the-selected-element
GoLang - GoQuery HTML Insertion Failshtmlgogoqueryuser1679669,user1679669,/users/1679669/user1679669,Feb 9 '17 at 16:47,182 views,,-1,"
    html go goquery               ",/questions/42142333/golang-goquery-html-insertion-fails
goquery: stop parsing when another element is reachedgogoqueryBrent,Brent,/users/363042/brent,Jan 10 '17 at 21:29,478 views,,1,"
    go goquery               ",/questions/41578768/goquery-stop-parsing-when-another-element-is-reached
How to parse copy of variable instead of pointer in go?gogoqueryirom,irom,/users/4615576/irom,Nov 24 '16 at 17:53,78 views,,-2,"
    go goquery               ",/questions/40792324/how-to-parse-copy-of-variable-instead-of-pointer-in-go
goquery insert newline after text foundgoqueryirom,irom,/users/4615576/irom,Nov 23 '16 at 16:42,151 views,1,0,"
    goquery               ",/questions/40769924/goquery-insert-newline-after-text-found
GoQuery Response Codehttpgogoquerytvishwa107,tvishwa107,/users/2784831/tvishwa107,Oct 3 '16 at 4:53,242 views,,0,"
    http go goquery               ",/questions/39824794/goquery-response-code
"Use goquery to extract text from html, but the result still contains html taggogoqueryBill",Bill,/users/5689685/bill,Sep 23 '16 at 15:34,1k views,1,-3,"
    go goquery               ",/questions/39664594/use-goquery-to-extract-text-from-html-but-the-result-still-contains-html-tag
How to break out goquery Each loop in GogogoqueryFarah,Farah,/users/2626457/farah,May 12 '16 at 14:07,2k views,,4,"
    go goquery               ",/questions/37189426/how-to-break-out-goquery-each-loop-in-go
How to convert HTML table to array with golanghtmlgogoqueryPaniko0,Paniko0,/users/1422425/paniko0,Mar 12 '16 at 18:14,6k views,,3,"
    html go goquery               ",/questions/35961491/how-to-convert-html-table-to-array-with-golang
